{"cameraMode":{"drawMode":0,"name":"Shaded","section":"Shading Mode"},"sceneLighting":false,"audioPlay":false,"sceneViewState":{"m_AlwaysRefresh":false,"showFog":true,"showSkybox":false,"showFlares":true,"showImageEffects":true,"showParticleSystems":true,"showVisualEffectGraphs":true,"m_FxEnabled":true},"in2DMode":false,"pivot":{"x":-0.64000004529953,"y":0.40799999237060549,"z":-42.15999984741211},"rotation":{"x":0.47106367349624636,"y":0.003438435960561037,"z":-0.0018363683484494687,"w":0.8820909857749939},"size":1.6330125331878663,"orthographic":false}