{"cameraMode":{"drawMode":0,"name":"Shaded","section":"Shading Mode"},"sceneLighting":false,"audioPlay":false,"sceneViewState":{"m_AlwaysRefresh":false,"showFog":true,"showSkybox":false,"showFlares":true,"showImageEffects":true,"showParticleSystems":true,"showVisualEffectGraphs":true,"m_FxEnabled":true},"in2DMode":false,"pivot":{"x":0.08696150779724121,"y":-44.1141357421875,"z":-0.26799535751342776},"rotation":{"x":0.12361343950033188,"y":0.8501697182655335,"z":-0.2298078089952469,"w":0.4572996199131012},"size":0.7707592844963074,"orthographic":false}